{"cameraMode":{"drawMode":0,"name":"Shaded","section":"Shading Mode"},"sceneLighting":false,"audioPlay":false,"sceneViewState":{"showFog":true,"showMaterialUpdate":false,"showSkybox":true,"showFlares":true,"showImageEffects":true,"showParticleSystems":true},"in2DMode":false,"pivot":{"x":1.244053602218628,"y":3.92818021774292,"z":0.6601629257202148},"rotation":{"x":0.010809343308210373,"y":-0.000004954003543389263,"z":-3.97933952456242e-8,"w":0.9999412298202515},"size":6.667466640472412,"orthographic":false}