{"cameraMode":{"drawMode":0,"name":"Shaded","section":"Shading Mode"},"sceneLighting":false,"audioPlay":false,"sceneViewState":{"showFog":true,"showMaterialUpdate":false,"showSkybox":false,"showFlares":true,"showImageEffects":true,"showParticleSystems":true},"in2DMode":false,"pivot":{"x":-0.06333740800619126,"y":-3.9495201110839845,"z":0.028225302696228029},"rotation":{"x":-0.005424172151833773,"y":0.9867600798606873,"z":-0.15854403376579286,"w":-0.03375940024852753},"size":0.7141428589820862,"orthographic":false}