{"cameraMode":{"drawMode":0,"name":"Shaded","section":"Shading Mode"},"sceneLighting":false,"audioPlay":false,"sceneViewState":{"showFog":true,"showMaterialUpdate":false,"showSkybox":false,"showFlares":true,"showImageEffects":true,"showParticleSystems":true},"in2DMode":false,"pivot":{"x":6.449999809265137,"y":0.41999998688697817,"z":-0.11500000208616257},"rotation":{"x":0.010809343308210373,"y":-0.000004954003543389263,"z":-3.97933952456242e-8,"w":0.9999412298202515},"size":10.0,"orthographic":false}