{"cameraMode":{"drawMode":0,"name":"Shaded","section":"Shading Mode"},"sceneLighting":false,"audioPlay":false,"sceneViewState":{"showFog":true,"showMaterialUpdate":false,"showSkybox":true,"showFlares":true,"showImageEffects":true,"showParticleSystems":true},"in2DMode":false,"pivot":{"x":0.8530493974685669,"y":-2.015542984008789,"z":0.1276240348815918},"rotation":{"x":-0.03629967197775841,"y":0.009907621890306473,"z":-0.0003777201345656067,"w":-0.9993130564689636},"size":9.657126426696778,"orthographic":false}