{"cameraMode":{"drawMode":0,"name":"Shaded","section":"Shading Mode"},"sceneLighting":false,"audioPlay":false,"sceneViewState":{"showFog":true,"showMaterialUpdate":false,"showSkybox":true,"showFlares":true,"showImageEffects":true,"showParticleSystems":true},"in2DMode":false,"pivot":{"x":0.19432924687862397,"y":-0.344495952129364,"z":0.5676746368408203},"rotation":{"x":0.010809343308210373,"y":-0.000004954003543389263,"z":-3.97933952456242e-8,"w":0.9999412298202515},"size":8.933785438537598,"orthographic":false}