{"cameraMode":{"drawMode":0,"name":"Shaded","section":"Shading Mode"},"sceneLighting":false,"audioPlay":false,"sceneViewState":{"showFog":true,"showMaterialUpdate":false,"showSkybox":true,"showFlares":true,"showImageEffects":true,"showParticleSystems":true},"in2DMode":false,"pivot":{"x":2.5647876262664797,"y":37.965641021728519,"z":1.3954086303710938},"rotation":{"x":0.010809343308210373,"y":-0.000004954003543389263,"z":-3.97933952456242e-8,"w":0.9999412298202515},"size":81.38817596435547,"orthographic":false}