{"cameraMode":{"drawMode":0,"name":"Shaded","section":"Shading Mode"},"sceneLighting":true,"audioPlay":false,"sceneViewState":{"showFog":true,"showMaterialUpdate":false,"showSkybox":true,"showFlares":true,"showImageEffects":true,"showParticleSystems":true},"in2DMode":false,"pivot":{"x":-4.965170383453369,"y":1.4930530786514283,"z":0.08689054846763611},"rotation":{"x":0.08688413351774216,"y":-0.01195423025637865,"z":0.0010425845393911005,"w":0.9961485266685486},"size":6.05631685256958,"orthographic":true}